"Voltage, Ch A (V) Messreihe #1","Voltage, Ch B (V) Messreihe #1"
-0.075,5.747E-4
-0.075,1.890E-4
-0.075,5.637E-4
-0.075,5.356E-4
-0.075,6.370E-4
-0.075,2.549E-4
-0.075,7.542E-4
-0.075,3.574E-4
-0.075,6.272E-4
-0.075,3.013E-4
-0.075,7.200E-4
-0.075,8.765E-5
-0.075,6.455E-4
-0.075,1.841E-4
-0.075,6.443E-4
-0.075,3.367E-4
-0.075,8.616E-4
-0.075,4.099E-4
-0.075,8.091E-4
-0.075,1.572E-4
-0.075,0.001
-0.075,3.245E-4
-0.075,4.063E-4
-0.075,4.929E-4
-0.075,7.493E-4
-0.075,4.917E-4
-0.075,7.114E-4
-0.075,2.573E-4
-0.075,8.311E-4
-0.075,1.853E-4
-0.075,6.235E-4
-0.075,4.429E-4
-0.075,7.236E-4
-0.075,2.427E-4
-0.075,9.128E-4
-0.075,6.602E-4
-0.075,7.676E-4
-0.075,5.039E-4
-0.075,8.384E-4
-0.075,7.297E-4
-0.075,8.237E-4
-0.075,3.879E-4
-0.075,6.980E-4
-0.075,9.131E-5
-0.075,9.507E-4
-0.075,3.574E-4
-0.075,7.590E-4
-0.075,5.039E-4
-0.075,7.102E-4
-0.075,1.951E-4
-0.075,0.001
-0.075,2.122E-4
-0.075,5.588E-4
-0.075,1.951E-4
-0.075,6.345E-4
-0.075,6.858E-4
-0.075,7.859E-4
-0.075,2.256E-4
-0.075,6.333E-4
-0.075,1.169E-4
-0.075,0.001
-0.075,2.756E-4
-0.075,5.564E-4
-0.075,2.244E-4
-0.072,6.541E-4
-0.063,6.492E-4
-0.049,0.001
-0.023,0.002
0.012,0.003
0.051,0.004
0.088,0.006
0.115,0.008
0.137,0.012
0.160,0.017
0.185,0.025
0.207,0.033
0.228,0.043
0.246,0.054
0.258,0.069
0.265,0.085
0.271,0.106
0.277,0.130
0.284,0.157
0.293,0.188
0.304,0.222
0.319,0.258
0.337,0.295
0.363,0.333
0.403,0.370
0.453,0.403
0.504,0.430
0.555,0.452
0.601,0.469
0.636,0.480
0.660,0.488
0.675,0.492
0.685,0.495
0.693,0.497
0.703,0.499
0.720,0.502
0.741,0.507
0.766,0.511
0.793,0.517
0.820,0.522
0.847,0.527
0.869,0.530
0.887,0.533
0.903,0.535
0.915,0.538
0.927,0.539
0.943,0.542
0.963,0.544
0.984,0.547
1.006,0.550
1.033,0.553
1.062,0.556
1.091,0.560
1.122,0.563
1.148,0.567
1.162,0.568
1.166,0.570
1.163,0.569
1.159,0.570
1.155,0.569
1.155,0.570
1.169,0.569
1.196,0.572
1.239,0.575
1.296,0.581
1.355,0.586
1.403,0.591
1.435,0.593
1.454,0.596
1.464,0.596
1.481,0.598
1.508,0.599
1.542,0.602
1.578,0.604
1.614,0.607
1.655,0.610
1.696,0.613
1.727,0.615
1.754,0.617
1.783,0.618
1.819,0.621
1.850,0.622
1.876,0.625
1.915,0.626
1.960,0.629
1.991,0.631
2.003,0.632
2.005,0.632
2.003,0.632
2.001,0.632
2.001,0.632
2.018,0.632
2.069,0.635
2.157,0.639
2.246,0.644
2.318,0.647
2.384,0.651
2.452,0.653
2.514,0.657
2.571,0.659
2.627,0.661
2.669,0.663
2.696,0.664
2.729,0.665
2.768,0.667
2.797,0.668
2.812,0.669
2.816,0.669
2.817,0.669
2.817,0.669
2.817,0.669
2.817,0.669
2.817,0.669
2.817,0.669
2.817,0.669
2.818,0.669
2.829,0.670
2.849,0.670
2.870,0.671
2.888,0.671
2.910,0.672
2.929,0.672
2.938,0.673
2.941,0.673
2.942,0.673
2.942,0.673
2.946,0.674
2.953,0.674
2.959,0.674
2.961,0.674
2.963,0.674
2.971,0.674
2.983,0.675
2.993,0.675
3.005,0.675
3.021,0.676
3.043,0.677
3.064,0.676
3.096,0.679
3.134,0.679
3.173,0.681
3.212,0.681
3.252,0.683
3.286,0.684
3.324,0.686
3.376,0.687
3.445,0.689
3.525,0.691
3.584,0.693
3.620,0.693
3.653,0.695
3.687,0.695
3.726,0.697
3.766,0.697
3.795,0.698
3.811,0.698
3.834,0.699
3.862,0.699
3.886,0.700
3.910,0.700
3.929,0.702
3.936,0.701
3.933,0.702
3.929,0.701
3.927,0.702
3.926,0.701
3.926,0.702
3.926,0.701
3.929,0.702
3.952,0.701
4.004,0.703
4.068,0.704
4.135,0.706
4.193,0.707
4.238,0.708
4.283,0.708
4.340,0.710
4.394,0.711
4.433,0.712
4.465,0.712
4.498,0.713
4.526,0.713
4.549,0.714
4.573,0.714
4.597,0.715
4.623,0.715
4.646,0.716
4.670,0.716
4.701,0.717
4.732,0.717
4.757,0.718
4.782,0.717
4.812,0.719
4.840,0.719
4.871,0.720
4.901,0.719
4.926,0.721
4.950,0.721
4.983,0.722
5.016,0.721
5.039,0.723
5.052,0.722
5.064,0.723
5.069,0.722
5.072,0.723
5.073,0.722
5.073,0.723
5.074,0.722
5.074,0.723
5.074,0.722
5.075,0.723
5.092,0.723
5.126,0.724
5.172,0.724
5.230,0.726
5.279,0.725
5.323,0.726
5.359,0.726
5.381,0.727
5.393,0.727
5.430,0.728
5.496,0.728
5.577,0.730
5.647,0.731
5.688,0.732
5.715,0.732
5.741,0.732
5.771,0.732
5.800,0.733
5.826,0.733
5.859,0.734
5.897,0.734
5.922,0.735
5.934,0.734
5.940,0.735
5.941,0.734
5.942,0.735
5.941,0.734
5.942,0.735
5.942,0.734
5.942,0.735
5.943,0.734
5.943,0.735
5.943,0.734
5.943,0.735
5.943,0.734
5.943,0.735
5.944,0.734
5.950,0.735
5.967,0.735
6.004,0.736
6.039,0.736
6.058,0.736
6.071,0.736
6.083,0.736
6.102,0.736
6.119,0.737
6.139,0.737
6.159,0.737
6.169,0.737
6.175,0.738
6.180,0.737
6.188,0.738
6.193,0.737
6.196,0.738
6.197,0.737
6.198,0.738
6.198,0.737
6.198,0.738
6.198,0.737
6.199,0.738
6.207,0.738
6.219,0.738
6.231,0.738
6.244,0.739
6.256,0.738
6.264,0.739
6.279,0.738
6.300,0.739
6.313,0.738
6.320,0.739
6.330,0.739
6.343,0.739
6.354,0.739
6.365,0.740
6.375,0.739
6.390,0.740
6.411,0.740
6.423,0.740
6.429,0.740
6.439,0.741
6.452,0.740
6.462,0.741
6.466,0.740
6.468,0.741
6.473,0.740
6.484,0.741
6.497,0.740
6.511,0.741
6.521,0.741
6.532,0.742
6.543,0.741
6.560,0.742
6.581,0.741
6.600,0.743
6.607,0.742
6.612,0.742
6.614,0.741
6.621,0.742
6.628,0.742
6.631,0.742
6.634,0.742
6.640,0.743
6.646,0.742
6.653,0.743
6.662,0.742
6.668,0.743
6.671,0.742
6.673,0.743
6.675,0.743
6.684,0.743
6.701,0.743
6.713,0.743
6.719,0.743
6.722,0.744
6.723,0.743
6.724,0.744
6.724,0.743
6.725,0.744
6.724,0.743
6.725,0.744
6.725,0.743
6.725,0.744
6.725,0.743
6.725,0.744
6.725,0.743
6.725,0.744
6.725,0.743
6.732,0.744
6.741,0.743
6.752,0.744
6.757,0.743
6.763,0.744
6.771,0.743
6.777,0.744
6.779,0.743
6.780,0.744
6.780,0.743
6.781,0.744
6.781,0.744
6.781,0.744
6.781,0.744
6.781,0.744
6.781,0.743
6.781,0.744
6.781,0.744
6.782,0.744
6.782,0.744
6.781,0.744
6.781,0.744
6.781,0.744
6.776,0.744
6.770,0.744
6.766,0.743
6.764,0.744
6.756,0.743
6.751,0.744
6.747,0.743
6.746,0.744
6.745,0.743
6.746,0.744
6.745,0.743
6.745,0.744
6.745,0.743
6.745,0.744
6.745,0.743
6.745,0.744
6.745,0.743
6.746,0.744
6.745,0.743
6.745,0.744
6.745,0.743
6.745,0.744
6.745,0.743
6.745,0.744
6.745,0.743
6.745,0.744
6.745,0.743
6.746,0.744
6.745,0.743
6.746,0.744
6.745,0.743
6.746,0.744
6.745,0.743
6.745,0.744
6.745,0.743
6.745,0.744
6.745,0.743
6.746,0.744
6.745,0.743
6.746,0.744
6.745,0.743
6.747,0.744
6.755,0.744
6.761,0.744
6.764,0.743
6.765,0.744
6.766,0.743
6.766,0.744
6.766,0.743
6.766,0.744
6.766,0.744
6.766,0.744
6.766,0.743
6.766,0.744
6.766,0.743
6.766,0.744
6.766,0.743
6.766,0.744
6.766,0.744
6.766,0.744
6.766,0.743
6.766,0.744
6.766,0.743
6.766,0.744
6.766,0.743
6.766,0.744
6.765,0.743
6.766,0.744
6.766,0.743
6.766,0.744
6.766,0.744
6.766,0.744
6.766,0.743
6.766,0.744
6.766,0.743
6.766,0.744
6.766,0.743
6.766,0.744
6.766,0.744
6.766,0.744
6.766,0.743
6.766,0.744
6.766,0.743
6.766,0.744
6.766,0.743
6.766,0.744
6.766,0.744
6.766,0.744
6.766,0.743
6.766,0.744
6.766,0.743
6.766,0.744
6.766,0.743
6.766,0.744
6.766,0.743
6.766,0.744
6.766,0.744
6.766,0.744
6.766,0.743
6.766,0.744
6.766,0.743
6.765,0.744
6.765,0.744
6.758,0.744
6.752,0.743
6.749,0.743
6.744,0.743
6.737,0.744
6.732,0.743
6.723,0.744
6.717,0.743
6.714,0.743
6.713,0.743
6.708,0.744
6.699,0.743
6.696,0.744
6.694,0.743
6.692,0.744
6.683,0.743
6.676,0.743
6.666,0.743
6.662,0.743
6.659,0.742
6.658,0.743
6.657,0.743
6.657,0.743
6.657,0.742
6.657,0.743
6.657,0.743
6.657,0.743
6.657,0.743
6.657,0.743
6.657,0.743
6.657,0.743
6.657,0.743
6.657,0.743
6.657,0.743
6.657,0.743
6.657,0.743
6.657,0.743
6.657,0.743
6.656,0.743
6.656,0.742
6.656,0.743
6.656,0.742
6.657,0.743
6.656,0.743
6.656,0.743
6.657,0.743
6.657,0.743
6.657,0.743
6.657,0.743
6.656,0.742
6.657,0.743
6.657,0.743
6.657,0.743
6.657,0.743
6.657,0.743
6.657,0.743
6.657,0.743
6.657,0.743
6.657,0.743
6.657,0.743
6.657,0.743
6.657,0.743
6.657,0.743
6.657,0.743
6.657,0.743
6.656,0.742
6.657,0.743
6.657,0.742
6.657,0.743
6.657,0.743
6.657,0.743
6.657,0.743
6.657,0.743
6.657,0.743
6.657,0.743
6.657,0.743
6.657,0.743
6.657,0.743
6.657,0.743
6.657,0.742
6.657,0.743
6.657,0.742
6.658,0.743
6.658,0.743
6.657,0.743
6.657,0.743
6.657,0.743
6.657,0.742
6.657,0.743
6.657,0.743
6.657,0.743
6.657,0.743
6.657,0.743
6.657,0.742
6.657,0.743
6.657,0.743
6.657,0.743
6.657,0.743
6.657,0.743
6.657,0.743
6.657,0.743
6.657,0.743
6.657,0.743
6.657,0.743
6.658,0.743
6.657,0.742
6.657,0.743
6.657,0.743
6.657,0.743
6.657,0.742
6.657,0.743
6.657,0.743
6.657,0.743
6.657,0.743
6.657,0.743
6.657,0.743
6.657,0.743
6.657,0.743
6.657,0.743
6.657,0.743
6.657,0.743
6.657,0.743
6.658,0.743
6.657,0.743
6.657,0.743
6.657,0.743
6.657,0.743
6.657,0.743
6.657,0.743
6.657,0.743
6.657,0.743
6.657,0.743
6.657,0.743
6.657,0.742
6.657,0.743
6.657,0.743
6.657,0.743
6.657,0.743
6.658,0.743
6.658,0.743
6.657,0.743
6.657,0.743
6.658,0.743
6.657,0.743
6.658,0.743
6.658,0.743
6.657,0.743
6.658,0.743
6.658,0.743
6.657,0.743
6.657,0.743
6.658,0.743
6.657,0.743
6.658,0.743
6.657,0.743
6.657,0.743
6.658,0.743
6.657,0.743
6.658,0.743
6.657,0.743
6.657,0.743
6.657,0.743
6.657,0.743
6.658,0.743
6.657,0.743
6.657,0.743
6.657,0.743
6.657,0.743
6.657,0.743
6.657,0.743
6.658,0.743
6.657,0.743
6.657,0.743
6.657,0.743
6.658,0.743
6.657,0.743
6.657,0.743
6.657,0.743
6.657,0.743
6.657,0.743
6.657,0.743
6.657,0.743
6.657,0.743
6.657,0.743
6.658,0.743
6.657,0.743
6.657,0.743
6.657,0.743
6.657,0.743
6.657,0.742
6.657,0.743
6.657,0.743
6.658,0.743
6.657,0.743
6.657,0.743
6.657,0.743
6.658,0.743
6.657,0.742
6.658,0.743
6.658,0.743
6.658,0.743
6.657,0.743
6.658,0.743
6.657,0.743
6.658,0.743
6.658,0.743
6.658,0.743
6.658,0.743
6.658,0.743
6.658,0.743
6.658,0.743
6.658,0.743
6.658,0.743
6.658,0.743
6.657,0.743
6.658,0.743
6.658,0.743
6.658,0.743
6.658,0.743
6.658,0.743
6.658,0.743
6.658,0.743
6.658,0.743
6.658,0.743
6.644,0.743
6.602,0.742
6.560,0.743
6.532,0.742
6.501,0.742
6.479,0.741
6.467,0.741
6.454,0.741
6.438,0.741
6.422,0.741
6.413,0.741
6.408,0.741
6.399,0.741
6.386,0.741
6.377,0.741
6.370,0.740
6.360,0.741
6.354,0.740
6.344,0.741
6.336,0.741
6.324,0.741
6.312,0.740
6.296,0.740
6.274,0.740
6.251,0.740
6.236,0.740
6.226,0.740
6.214,0.739
6.201,0.740
6.187,0.739
6.175,0.739
6.163,0.739
6.151,0.739
6.141,0.739
6.136,0.739
6.128,0.739
6.113,0.739
6.103,0.739
6.093,0.739
6.087,0.738
6.082,0.738
6.080,0.738
6.079,0.739
6.077,0.738
6.071,0.738
6.065,0.739
6.062,0.739
6.060,0.738
6.058,0.738
6.050,0.738
6.044,0.738
6.034,0.738
6.025,0.738
6.015,0.738
6.003,0.738
5.995,0.738
5.988,0.738
5.977,0.738
5.965,0.738
5.956,0.737
5.944,0.738
5.930,0.737
5.915,0.737
5.901,0.737
5.887,0.737
5.870,0.736
5.849,0.737
5.821,0.736
5.796,0.736
5.780,0.736
5.763,0.736
5.744,0.736
5.721,0.736
5.695,0.735
5.670,0.735
5.651,0.735
5.632,0.735
5.611,0.735
5.591,0.734
5.570,0.734
5.543,0.734
5.517,0.734
5.489,0.733
5.461,0.733
5.436,0.733
5.416,0.733
5.396,0.733
5.378,0.732
5.357,0.732
5.338,0.732
5.327,0.732
5.313,0.732
5.297,0.732
5.288,0.731
5.273,0.731
5.253,0.731
5.235,0.731
5.220,0.731
5.201,0.731
5.180,0.730
5.162,0.731
5.149,0.730
5.140,0.731
5.124,0.730
5.113,0.730
5.108,0.730
5.105,0.730
5.104,0.730
5.104,0.730
5.104,0.730
5.102,0.730
5.087,0.730
5.046,0.729
5.000,0.729
4.952,0.728
4.918,0.728
4.901,0.728
4.893,0.728
4.887,0.728
4.871,0.727
4.854,0.727
4.843,0.728
4.834,0.727
4.824,0.727
4.814,0.727
4.804,0.727
4.792,0.727
4.778,0.727
4.763,0.726
4.752,0.726
4.744,0.726
4.732,0.726
4.718,0.726
4.706,0.726
4.690,0.726
4.677,0.726
4.658,0.726
4.632,0.725
4.607,0.725
4.593,0.725
4.579,0.725
4.566,0.724
4.554,0.724
4.543,0.724
4.523,0.724
4.495,0.724
4.458,0.723
4.415,0.723
4.376,0.722
4.345,0.722
4.315,0.722
4.290,0.721
4.270,0.721
4.252,0.721
4.235,0.721
4.218,0.720
4.202,0.720
4.187,0.720
4.176,0.720
4.164,0.719
4.146,0.719
4.129,0.719
4.116,0.719
4.105,0.719
4.092,0.719
4.074,0.719
4.054,0.718
4.032,0.718
4.010,0.717
3.994,0.717
3.980,0.717
3.964,0.717
3.949,0.717
3.941,0.717
3.937,0.716
3.936,0.717
3.935,0.716
3.935,0.716
3.943,0.717
3.962,0.717
3.975,0.717
3.972,0.717
3.951,0.716
3.916,0.716
3.881,0.716
3.851,0.716
3.811,0.715
3.766,0.714
3.731,0.714
3.714,0.714
3.701,0.713
3.691,0.713
3.686,0.713
3.685,0.713
3.684,0.713
3.683,0.713
3.680,0.713
3.674,0.713
3.669,0.713
3.667,0.713
3.666,0.712
3.662,0.713
3.654,0.712
3.646,0.713
3.637,0.712
3.632,0.712
3.625,0.712
3.618,0.712
3.613,0.712
3.608,0.712
3.599,0.712
3.587,0.711
3.575,0.711
3.560,0.711
3.544,0.711
3.532,0.711
3.525,0.710
3.517,0.710
3.503,0.710
3.493,0.710
3.483,0.710
3.474,0.710
3.466,0.709
3.452,0.709
3.435,0.709
3.423,0.709
3.412,0.709
3.400,0.709
3.389,0.708
3.382,0.708
3.380,0.708
3.375,0.708
3.367,0.708
3.356,0.708
3.346,0.707
3.334,0.708
3.321,0.707
3.313,0.707
3.304,0.707
3.296,0.707
3.288,0.706
3.277,0.706
3.262,0.706
3.248,0.706
3.236,0.706
3.224,0.706
3.211,0.705
3.204,0.705
3.201,0.705
3.197,0.705
3.189,0.705
3.179,0.705
3.170,0.704
3.159,0.704
3.145,0.704
3.134,0.704
3.122,0.703
3.110,0.703
3.095,0.703
3.084,0.703
3.072,0.702
3.061,0.703
3.045,0.702
3.009,0.701
2.961,0.700
2.933,0.700
2.920,0.699
2.916,0.700
2.913,0.699
2.913,0.699
2.912,0.699
2.912,0.699
2.912,0.699
2.912,0.700
2.912,0.699
2.912,0.699
2.911,0.699
2.911,0.699
2.911,0.699
2.912,0.699
2.918,0.699
2.924,0.699
2.927,0.699
2.928,0.700
2.928,0.699
2.925,0.699
2.917,0.699
2.914,0.699
2.912,0.699
2.902,0.699
2.874,0.698
2.842,0.698
2.819,0.697
2.796,0.697
2.759,0.696
2.720,0.695
2.688,0.694
2.661,0.694
2.641,0.693
2.631,0.693
2.621,0.692
2.608,0.693
2.592,0.692
2.579,0.692
2.564,0.691
2.548,0.691
2.533,0.690
2.525,0.690
2.518,0.690
2.508,0.690
2.496,0.689
2.486,0.689
2.470,0.689
2.459,0.689
2.449,0.688
2.439,0.688
2.426,0.687
2.414,0.688
2.402,0.687
2.389,0.687
2.371,0.686
2.350,0.686
2.333,0.685
2.316,0.685
2.295,0.684
2.276,0.684
2.259,0.683
2.238,0.683
2.218,0.681
2.205,0.682
2.194,0.681
2.184,0.681
2.170,0.680
2.158,0.680
2.151,0.680
2.144,0.680
2.130,0.679
2.114,0.679
2.102,0.678
2.097,0.678
2.092,0.677
2.085,0.678
2.075,0.677
2.066,0.677
2.059,0.677
2.049,0.677
2.035,0.676
2.018,0.676
2.001,0.675
1.987,0.675
1.974,0.674
1.963,0.674
1.954,0.673
1.943,0.673
1.932,0.673
1.923,0.673
1.913,0.672
1.900,0.672
1.883,0.671
1.870,0.671
1.855,0.670
1.840,0.670
1.825,0.669
1.814,0.669
1.803,0.668
1.796,0.668
1.789,0.667
1.782,0.668
1.773,0.667
1.763,0.667
1.750,0.666
1.736,0.666
1.722,0.665
1.709,0.665
1.697,0.664
1.684,0.664
1.674,0.663
1.669,0.663
1.667,0.662
1.667,0.663
1.666,0.662
1.666,0.663
1.666,0.662
1.667,0.663
1.666,0.662
1.667,0.663
1.666,0.662
1.672,0.663
1.678,0.662
1.682,0.663
1.683,0.662
1.684,0.663
1.684,0.663
1.684,0.663
1.684,0.663
1.678,0.663
1.665,0.662
1.656,0.663
1.641,0.661
1.620,0.662
1.598,0.660
1.582,0.660
1.567,0.659
1.552,0.658
1.536,0.657
1.521,0.657
1.504,0.656
1.487,0.656
1.466,0.655
1.449,0.654
1.440,0.653
1.431,0.653
1.419,0.652
1.409,0.652
1.404,0.652
1.400,0.652
1.393,0.651
1.387,0.651
1.370,0.650
1.345,0.650
1.320,0.648
1.304,0.648
1.294,0.646
1.284,0.646
1.274,0.645
1.261,0.646
1.248,0.644
1.235,0.644
1.221,0.643
1.206,0.643
1.189,0.642
1.169,0.641
1.150,0.640
1.130,0.639
1.113,0.638
1.097,0.637
1.078,0.636
1.057,0.635
1.036,0.633
1.016,0.633
0.993,0.631
0.971,0.631
0.951,0.628
0.932,0.628
0.915,0.626
0.900,0.626
0.888,0.625
0.877,0.625
0.866,0.624
0.854,0.623
0.843,0.622
0.829,0.622
0.807,0.620
0.782,0.619
0.762,0.617
0.748,0.617
0.738,0.615
0.734,0.616
0.730,0.614
0.723,0.615
0.711,0.614
0.697,0.613
0.680,0.612
0.662,0.611
0.644,0.609
0.628,0.608
0.614,0.607
0.600,0.606
0.584,0.605
0.570,0.604
0.560,0.603
0.557,0.603
0.556,0.602
0.557,0.603
0.557,0.602
0.558,0.602
0.559,0.602
0.559,0.602
0.559,0.602
0.558,0.602
0.559,0.602
0.558,0.602
0.559,0.602
0.558,0.602
0.548,0.601
0.525,0.601
0.490,0.597
0.449,0.594
0.408,0.590
0.369,0.588
0.335,0.584
0.312,0.582
0.297,0.579
0.286,0.579
0.279,0.577
0.275,0.577
0.273,0.576
0.268,0.577
0.264,0.575
0.257,0.575
0.248,0.574
0.238,0.574
0.226,0.572
0.214,0.571
0.203,0.569
0.191,0.568
0.177,0.566
0.161,0.565
0.141,0.562
0.118,0.559
0.098,0.556
0.081,0.554
0.067,0.551
0.056,0.550
0.047,0.548
0.039,0.547
0.034,0.545
0.028,0.546
0.021,0.544
0.013,0.543
0.004,0.541
-0.005,0.540
-0.017,0.538
-0.028,0.537
-0.041,0.534
-0.051,0.532
-0.060,0.530
-0.066,0.529
-0.070,0.527
-0.071,0.527
-0.071,0.526
-0.070,0.526
-0.069,0.525
-0.069,0.526
-0.070,0.525
-0.071,0.526
-0.072,0.525
-0.072,0.525
-0.073,0.524
-0.072,0.525
-0.072,0.525
-0.072,0.525
-0.063,0.525
-0.053,0.525
-0.047,0.525
-0.045,0.526
-0.044,0.525
-0.045,0.526
-0.046,0.525
-0.051,0.525
-0.055,0.525
-0.057,0.526
-0.058,0.525
-0.058,0.525
-0.060,0.525
-0.065,0.525
-0.069,0.524
-0.071,0.525
-0.071,0.525
-0.072,0.525
-0.072,0.524
-0.072,0.525
-0.072,0.524
-0.072,0.525
-0.072,0.524
-0.072,0.525
-0.072,0.524
-0.072,0.525
-0.072,0.524
-0.072,0.524
-0.072,0.524
-0.072,0.524
-0.072,0.524
-0.072,0.524
-0.072,0.524
-0.072,0.525
-0.072,0.524
-0.072,0.524
-0.072,0.524
-0.072,0.524
-0.072,0.524
-0.072,0.524
-0.072,0.524
-0.072,0.524
-0.072,0.524
-0.072,0.524
-0.072,0.524
-0.072,0.525
-0.072,0.524
-0.072,0.524
-0.072,0.524
-0.072,0.524
-0.072,0.524
-0.072,0.524
-0.072,0.524
-0.072,0.524
-0.073,0.524
-0.072,0.524
-0.072,0.524
-0.073,0.524
-0.072,0.524
-0.072,0.524
-0.072,0.524
-0.072,0.524
-0.073,0.523
-0.072,0.524
0.014,0.526
0.083,0.529
0.090,0.529
0.085,0.530
0.080,0.529
0.078,0.529
0.077,0.529
0.076,0.529
0.076,0.529
0.076,0.529
0.076,0.529
0.076,0.529
0.076,0.529
0.076,0.529
0.076,0.529
0.076,0.529
0.076,0.529
0.076,0.529
0.076,0.529
0.076,0.529
0.076,0.529
0.076,0.529
0.076,0.529
0.076,0.529
0.076,0.529
0.077,0.529
0.077,0.529
0.077,0.529
0.076,0.529
0.077,0.530
0.077,0.529
0.076,0.529
0.077,0.529
0.076,0.529
0.077,0.529
0.076,0.529
0.071,0.529
0.066,0.529
0.064,0.529
0.063,0.529
0.060,0.529
0.054,0.529
0.042,0.528
0.022,0.528
0.010,0.527
0.002,0.527
-0.010,0.527
-0.033,0.526
-0.065,0.525
-0.094,0.523
-0.119,0.519
-0.148,0.513
-0.177,0.504
-0.202,0.495
-0.222,0.486
-0.236,0.476
-0.247,0.465
-0.256,0.452
-0.261,0.436
-0.265,0.418
-0.271,0.397
-0.279,0.372
-0.287,0.344
-0.298,0.312
-0.314,0.276
-0.334,0.237
-0.365,0.193
-0.419,0.148
-0.496,0.104
-0.592,0.064
-0.695,0.032
-0.774,0.013
-0.798,0.006
-0.751,0.007
-0.687,0.009
-0.649,0.010
-0.638,0.011
-0.640,0.011
-0.653,0.010
-0.671,0.010
-0.684,0.010
-0.692,0.009
-0.703,0.009
-0.715,0.009
-0.725,0.008
-0.736,0.008
-0.749,0.008
-0.760,0.007
-0.774,0.007
-0.788,0.006
-0.800,0.005
-0.812,0.004
-0.825,0.002
-0.841,-1.797E-4
-0.858,-0.002
-0.877,-0.006
-0.901,-0.009
-0.924,-0.013
-0.945,-0.016
-0.964,-0.018
-0.982,-0.021
-0.997,-0.023
-1.013,-0.025
-1.028,-0.027
-1.042,-0.028
-1.058,-0.031
-1.076,-0.032
-1.093,-0.034
-1.110,-0.036
-1.128,-0.038
-1.152,-0.041
-1.178,-0.044
-1.204,-0.046
-1.226,-0.048
-1.242,-0.050
-1.255,-0.051
-1.268,-0.053
-1.280,-0.054
-1.293,-0.055
-1.303,-0.056
-1.314,-0.057
-1.325,-0.058
-1.337,-0.059
-1.352,-0.060
-1.368,-0.061
-1.386,-0.063
-1.402,-0.065
-1.413,-0.066
-1.418,-0.066
-1.418,-0.067
-1.417,-0.066
-1.416,-0.067
-1.415,-0.066
-1.414,-0.067
-1.414,-0.066
-1.414,-0.067
-1.414,-0.066
-1.414,-0.066
-1.414,-0.066
-1.414,-0.067
-1.414,-0.066
-1.414,-0.066
-1.414,-0.066
-1.414,-0.067
-1.414,-0.066
-1.414,-0.066
-1.414,-0.066
-1.414,-0.067
-1.415,-0.066
-1.421,-0.066
-1.429,-0.067
-1.441,-0.067
-1.462,-0.069
-1.484,-0.071
-1.501,-0.072
-1.516,-0.074
-1.530,-0.074
-1.541,-0.076
-1.550,-0.076
-1.556,-0.077
-1.563,-0.077
-1.569,-0.078
-1.574,-0.078
-1.579,-0.078
-1.585,-0.078
-1.589,-0.079
-1.592,-0.079
-1.593,-0.080
-1.593,-0.079
-1.596,-0.080
-1.601,-0.080
-1.605,-0.080
-1.608,-0.080
-1.611,-0.081
-1.618,-0.081
-1.626,-0.082
-1.638,-0.082
-1.651,-0.083
-1.659,-0.083
-1.663,-0.085
-1.667,-0.084
-1.673,-0.085
-1.677,-0.085
-1.680,-0.086
-1.686,-0.085
-1.693,-0.087
-1.702,-0.087
-1.714,-0.088
-1.725,-0.088
-1.735,-0.089
-1.744,-0.089
-1.751,-0.090
-1.760,-0.090
-1.772,-0.091
-1.783,-0.092
-1.796,-0.093
-1.814,-0.094
-1.829,-0.095
-1.837,-0.095
-1.841,-0.096
-1.841,-0.095
-1.841,-0.096
-1.841,-0.096
-1.840,-0.096
-1.840,-0.095
-1.840,-0.096
-1.839,-0.095
-1.840,-0.096
-1.840,-0.096
-1.839,-0.096
-1.840,-0.096
-1.840,-0.096
-1.839,-0.095
-1.840,-0.096
-1.839,-0.095
-1.833,-0.096
-1.826,-0.095
-1.823,-0.096
-1.822,-0.095
-1.822,-0.096
-1.822,-0.096
-1.822,-0.096
-1.822,-0.095
-1.829,-0.096
-1.843,-0.096
-1.849,-0.096
-1.855,-0.096
-1.870,-0.097
-1.898,-0.098
-1.936,-0.101
-1.972,-0.102
-1.993,-0.104
-2.001,-0.104
-2.002,-0.105
-2.002,-0.105
-2.003,-0.106
-2.003,-0.105
-2.006,-0.106
-2.012,-0.105
-2.022,-0.106
-2.038,-0.106
-2.055,-0.108
-2.065,-0.108
-2.069,-0.109
-2.070,-0.108
-2.074,-0.109
-2.082,-0.109
-2.092,-0.110
-2.100,-0.110
-2.104,-0.111
-2.107,-0.110
-2.116,-0.111
-2.128,-0.111
-2.136,-0.112
-2.146,-0.112
-2.153,-0.113
-2.158,-0.113
-2.167,-0.114
-2.179,-0.114
-2.188,-0.115
-2.192,-0.114
-2.194,-0.115
-2.194,-0.115
-2.196,-0.115
-2.202,-0.115
-2.210,-0.116
-2.220,-0.116
-2.226,-0.117
-2.232,-0.117
-2.240,-0.117
-2.250,-0.117
-2.259,-0.118
-2.263,-0.118
-2.265,-0.119
-2.266,-0.118
-2.272,-0.119
-2.287,-0.119
-2.304,-0.120
-2.318,-0.120
-2.334,-0.122
-2.350,-0.122
-2.363,-0.123
-2.370,-0.123
-2.372,-0.124
-2.372,-0.123
-2.372,-0.124
-2.373,-0.123
-2.379,-0.124
-2.386,-0.124
-2.397,-0.125
-2.410,-0.125
-2.425,-0.126
-2.446,-0.126
-2.471,-0.128
-2.488,-0.128
-2.501,-0.129
-2.510,-0.129
-2.520,-0.130
-2.534,-0.130
-2.544,-0.131
-2.548,-0.131
-2.550,-0.131
-2.556,-0.131
-2.566,-0.132
-2.575,-0.132
-2.581,-0.132
-2.585,-0.132
-2.596,-0.133
-2.618,-0.133
-2.645,-0.135
-2.663,-0.135
-2.672,-0.136
-2.681,-0.136
-2.694,-0.137
-2.703,-0.137
-2.707,-0.137
-2.709,-0.137
-2.714,-0.138
-2.720,-0.138
-2.725,-0.138
-2.734,-0.138
-2.740,-0.139
-2.744,-0.139
-2.752,-0.139
-2.764,-0.139
-2.776,-0.140
-2.788,-0.140
-2.798,-0.141
-2.813,-0.141
-2.825,-0.142
-2.831,-0.142
-2.833,-0.142
-2.834,-0.142
-2.834,-0.142
-2.834,-0.142
-2.834,-0.142
-2.834,-0.142
-2.834,-0.142
-2.834,-0.142
-2.834,-0.142
-2.833,-0.142
-2.834,-0.142
-2.833,-0.141
-2.835,-0.142
-2.850,-0.142
-2.875,-0.143
-2.898,-0.144
-2.923,-0.145
-2.953,-0.146
-2.978,-0.147
-2.992,-0.147
-3.006,-0.148
-3.019,-0.148
-3.031,-0.149
-3.041,-0.149
-3.046,-0.149
-3.048,-0.149
-3.049,-0.150
-3.050,-0.150
-3.057,-0.150
-3.068,-0.150
-3.082,-0.150
-3.099,-0.151
-3.117,-0.152
-3.130,-0.152
-3.138,-0.152
-3.153,-0.153
-3.171,-0.153
-3.184,-0.154
-3.189,-0.154
-3.192,-0.154
-3.195,-0.154
-3.200,-0.154
-3.205,-0.154
-3.209,-0.154
-3.221,-0.155
-3.241,-0.155
-3.255,-0.156
-3.261,-0.156
-3.263,-0.156
-3.264,-0.156
-3.266,-0.156
-3.274,-0.156
-3.287,-0.157
-3.295,-0.157
-3.306,-0.157
-3.320,-0.158
-3.332,-0.158
-3.350,-0.158
-3.363,-0.159
-3.370,-0.159
-3.378,-0.159
-3.385,-0.160
-3.391,-0.160
-3.399,-0.160
-3.404,-0.160
-3.406,-0.160
-3.414,-0.160
-3.427,-0.161
-3.441,-0.161
-3.447,-0.161
-3.450,-0.161
-3.455,-0.162
-3.458,-0.162
-3.464,-0.162
-3.478,-0.162
-3.488,-0.163
-3.492,-0.163
-3.494,-0.163
-3.495,-0.163
-3.495,-0.163
-3.495,-0.163
-3.495,-0.163
-3.495,-0.163
-3.495,-0.163
-3.495,-0.163
-3.502,-0.163
-3.519,-0.163
-3.541,-0.164
-3.563,-0.165
-3.580,-0.165
-3.601,-0.165
-3.621,-0.166
-3.635,-0.167
-3.647,-0.167
-3.653,-0.167
-3.657,-0.167
-3.665,-0.167
-3.672,-0.167
-3.681,-0.167
-3.691,-0.168
-3.708,-0.168
-3.731,-0.169
-3.753,-0.169
-3.770,-0.170
-3.780,-0.170
-3.790,-0.170
-3.805,-0.171
-3.825,-0.171
-3.849,-0.171
-3.864,-0.172
-3.871,-0.172
-3.873,-0.172
-3.876,-0.172
-3.883,-0.173
-3.896,-0.172
-3.905,-0.173
-3.910,-0.173
-3.912,-0.173
-3.917,-0.173
-3.922,-0.174
-3.928,-0.173
-3.941,-0.174
-3.952,-0.174
-3.957,-0.174
-3.964,-0.174
-3.979,-0.175
-3.989,-0.175
-3.994,-0.175
-3.996,-0.175
-3.998,-0.175
-4.001,-0.175
-4.013,-0.175
-4.025,-0.176
-4.031,-0.176
-4.035,-0.176
-4.035,-0.176
-4.035,-0.176
-4.035,-0.176
-4.035,-0.176
-4.034,-0.176
-4.035,-0.176
-4.034,-0.176
-4.036,-0.176
-4.044,-0.176
-4.071,-0.176
-4.105,-0.177
-4.126,-0.178
-4.135,-0.178
-4.139,-0.178
-4.140,-0.178
-4.146,-0.178
-4.156,-0.178
-4.167,-0.178
-4.174,-0.179
-4.185,-0.179
-4.202,-0.179
-4.242,-0.180
-4.283,-0.181
-4.305,-0.181
-4.314,-0.182
-4.319,-0.181
-4.329,-0.182
-4.348,-0.182
-4.362,-0.183
-4.375,-0.182
-4.391,-0.183
-4.402,-0.183
-4.407,-0.184
-4.409,-0.183
-4.415,-0.184
-4.425,-0.184
-4.441,-0.184
-4.460,-0.184
-4.473,-0.185
-4.479,-0.184
-4.488,-0.185
-4.504,-0.185
-4.528,-0.186
-4.550,-0.186
-4.564,-0.186
-4.581,-0.186
-4.601,-0.187
-4.615,-0.187
-4.627,-0.187
-4.642,-0.187
-4.654,-0.188
-4.666,-0.188
-4.680,-0.189
-4.694,-0.188
-4.706,-0.189
-4.712,-0.189
-4.720,-0.189
-4.728,-0.189
-4.731,-0.189
-4.736,-0.189
-4.750,-0.190
-4.769,-0.190
-4.786,-0.190
-4.798,-0.190
-4.802,-0.190
-4.809,-0.190
-4.817,-0.191
-4.823,-0.191
-4.832,-0.191
-4.838,-0.191
-4.842,-0.191
-4.851,-0.191
-4.856,-0.192
-4.859,-0.191
-4.859,-0.192
-4.860,-0.191
-4.860,-0.192
-4.860,-0.191
-4.860,-0.192
-4.860,-0.191
-4.860,-0.191
-4.861,-0.191
-4.860,-0.192
-4.861,-0.191
-4.860,-0.192
-4.860,-0.191
-4.860,-0.192
-4.861,-0.191
-4.860,-0.192
-4.861,-0.191
-4.860,-0.191
-4.861,-0.191
-4.860,-0.192
-4.861,-0.191
-4.860,-0.192
-4.861,-0.191
-4.861,-0.192
-4.861,-0.191
-4.861,-0.192
-4.861,-0.191
-4.861,-0.191
-4.861,-0.191
-4.861,-0.192
-4.861,-0.191
-4.861,-0.192
-4.861,-0.191
-4.861,-0.192
-4.861,-0.191
-4.861,-0.192
-4.861,-0.191
-4.861,-0.191
-4.861,-0.191
-4.861,-0.192
-4.861,-0.191
-4.861,-0.192
-4.861,-0.191
-4.861,-0.192
-4.861,-0.191
-4.861,-0.192
-4.861,-0.191
-4.861,-0.192
-4.861,-0.191
-4.861,-0.191
-4.861,-0.191
-4.861,-0.192
-4.861,-0.191
-4.861,-0.192
-4.861,-0.191
-4.861,-0.191
-4.861,-0.191
-4.861,-0.192
-4.861,-0.191
-4.861,-0.192
-4.861,-0.191
-4.861,-0.192
-4.861,-0.191
-4.861,-0.192
-4.861,-0.191
-4.861,-0.192
-4.861,-0.191
-4.861,-0.191
-4.855,-0.191
-4.849,-0.191
-4.846,-0.191
-4.839,-0.191
-4.831,-0.191
-4.819,-0.191
-4.798,-0.190
-4.779,-0.191
-4.763,-0.190
-4.746,-0.191
-4.732,-0.190
-4.724,-0.190
-4.721,-0.190
-4.718,-0.190
-4.708,-0.190
-4.688,-0.190
-4.667,-0.189
-4.656,-0.190
-4.646,-0.189
-4.636,-0.190
-4.624,-0.189
-4.610,-0.189
-4.595,-0.188
-4.583,-0.189
-4.571,-0.188
-4.559,-0.189
-4.542,-0.188
-4.529,-0.188
-4.516,-0.187
-4.505,-0.188
-4.495,-0.187
-4.483,-0.188
-4.475,-0.187
-4.471,-0.188
-4.469,-0.187
-4.468,-0.188
-4.468,-0.187
-4.468,-0.188
-4.468,-0.187
-4.468,-0.188
-4.467,-0.187
-4.467,-0.188
-4.467,-0.187
-4.467,-0.188
-4.467,-0.187
-4.467,-0.188
-4.467,-0.187
-4.467,-0.188
-4.467,-0.187
-4.467,-0.187
-4.467,-0.187
-4.467,-0.187
-4.467,-0.187
-4.467,-0.188
-4.467,-0.187
-4.467,-0.187
-4.467,-0.187
-4.467,-0.188
-4.467,-0.187
-4.467,-0.188
-4.467,-0.187
-4.467,-0.187
-4.467,-0.187
-4.467,-0.188
-4.467,-0.187
-4.467,-0.188
-4.467,-0.187
-4.467,-0.188
-4.467,-0.187
-4.467,-0.187
-4.467,-0.187
-4.467,-0.188
-4.467,-0.187
-4.467,-0.188
-4.467,-0.187
-4.467,-0.188
-4.467,-0.187
-4.467,-0.187
-4.467,-0.187
-4.467,-0.188
-4.467,-0.187
-4.467,-0.187
-4.467,-0.187
-4.467,-0.187
-4.467,-0.187
-4.468,-0.187
-4.477,-0.187
-4.481,-0.188
-4.483,-0.187
-4.484,-0.188
-4.480,-0.187
-4.474,-0.188
-4.471,-0.187
-4.469,-0.187
-4.468,-0.187
-4.454,-0.188
-4.425,-0.186
-4.406,-0.187
-4.391,-0.186
-4.377,-0.186
-4.368,-0.186
-4.361,-0.187
-4.341,-0.186
-4.316,-0.186
-4.285,-0.185
-4.251,-0.185
-4.230,-0.184
-4.214,-0.185
-4.200,-0.184
-4.190,-0.185
-4.184,-0.184
-4.181,-0.184
-4.177,-0.184
-4.162,-0.184
-4.136,-0.183
-4.119,-0.184
-4.105,-0.183
-4.098,-0.183
-4.092,-0.183
-4.081,-0.183
-4.063,-0.182
-4.049,-0.183
-4.040,-0.182
-4.025,-0.183
-4.012,-0.182
-3.999,-0.182
-3.990,-0.181
-3.980,-0.182
-3.965,-0.181
-3.952,-0.181
-3.938,-0.181
-3.919,-0.181
-3.900,-0.180
-3.886,-0.180
-3.872,-0.180
-3.862,-0.180
-3.851,-0.180
-3.838,-0.180
-3.823,-0.179
-3.813,-0.179
-3.808,-0.179
-3.806,-0.180
-3.804,-0.179
-3.804,-0.180
-3.804,-0.179
-3.804,-0.180
-3.804,-0.179
-3.803,-0.179
-3.804,-0.179
-3.804,-0.179
-3.808,-0.179
-3.815,-0.180
-3.818,-0.179
-3.820,-0.180
-3.820,-0.179
-3.821,-0.180
-3.821,-0.179
-3.818,-0.179
-3.811,-0.179
-3.803,-0.180
-3.794,-0.179
-3.777,-0.179
-3.742,-0.178
-3.694,-0.178
-3.652,-0.177
-3.626,-0.177
-3.608,-0.176
-3.598,-0.177
-3.593,-0.176
-3.591,-0.177
-3.584,-0.176
-3.574,-0.176
-3.561,-0.176
-3.545,-0.176
-3.523,-0.175
-3.495,-0.175
-3.461,-0.174
-3.432,-0.174
-3.407,-0.174
-3.383,-0.174
-3.365,-0.173
-3.348,-0.173
-3.325,-0.172
-3.296,-0.172
-3.262,-0.171
-3.229,-0.171
-3.198,-0.170
-3.169,-0.170
-3.141,-0.169
-3.112,-0.169
-3.085,-0.168
-3.061,-0.168
-3.043,-0.168
-3.029,-0.168
-3.018,-0.167
-3.005,-0.167
-2.992,-0.167
-2.979,-0.167
-2.970,-0.166
-2.965,-0.166
-2.955,-0.166
-2.950,-0.166
-2.942,-0.166
-2.934,-0.166
-2.928,-0.165
-2.919,-0.165
-2.906,-0.165
-2.895,-0.165
-2.884,-0.164
-2.876,-0.164
-2.865,-0.164
-2.860,-0.164
-2.857,-0.164
-2.856,-0.164
-2.855,-0.164
-2.855,-0.164
-2.855,-0.164
-2.855,-0.164
-2.854,-0.164
-2.846,-0.164
-2.825,-0.163
-2.796,-0.163
-2.779,-0.162
-2.770,-0.162
-2.763,-0.162
-2.756,-0.162
-2.752,-0.162
-2.749,-0.162
-2.747,-0.162
-2.740,-0.162
-2.727,-0.161
-2.715,-0.161
-2.704,-0.161
-2.692,-0.161
-2.677,-0.160
-2.654,-0.160
-2.627,-0.159
-2.596,-0.159
-2.562,-0.158
-2.523,-0.157
-2.493,-0.156
-2.469,-0.156
-2.443,-0.155
-2.424,-0.155
-2.415,-0.154
-2.406,-0.154
-2.392,-0.153
-2.373,-0.153
-2.352,-0.153
-2.335,-0.152
-2.322,-0.152
-2.306,-0.152
-2.287,-0.151
-2.270,-0.150
-2.240,-0.149
-2.204,-0.149
-2.173,-0.148
-2.154,-0.147
-2.145,-0.147
-2.135,-0.147
-2.124,-0.146
-2.108,-0.146
-2.082,-0.145
-2.044,-0.144
-2.010,-0.143
-1.992,-0.142
-1.985,-0.142
-1.983,-0.142
-1.982,-0.141
-1.983,-0.142
-1.983,-0.142
-1.983,-0.142
-1.983,-0.142
-1.984,-0.142
-1.984,-0.142
-1.984,-0.142
-1.980,-0.142
-1.964,-0.141
-1.937,-0.140
-1.911,-0.140
-1.885,-0.139
-1.854,-0.138
-1.818,-0.137
-1.785,-0.135
-1.760,-0.134
-1.743,-0.134
-1.730,-0.133
-1.722,-0.133
-1.713,-0.133
-1.701,-0.132
-1.685,-0.132
-1.670,-0.131
-1.653,-0.131
-1.633,-0.130
-1.611,-0.129
-1.590,-0.128
-1.565,-0.127
-1.535,-0.126
-1.507,-0.125
-1.485,-0.124
-1.474,-0.124
-1.468,-0.123
-1.455,-0.123
-1.444,-0.122
-1.437,-0.122
-1.434,-0.121
-1.433,-0.122
-1.434,-0.121
-1.434,-0.122
-1.434,-0.121
-1.434,-0.122
-1.434,-0.121
-1.431,-0.121
-1.414,-0.121
-1.380,-0.120
-1.335,-0.118
-1.292,-0.116
-1.258,-0.114
-1.230,-0.113
-1.202,-0.111
-1.181,-0.110
-1.166,-0.109
-1.156,-0.109
-1.151,-0.108
-1.143,-0.108
-1.126,-0.107
-1.096,-0.106
-1.062,-0.104
-1.038,-0.103
-1.022,-0.102
-1.006,-0.101
-0.988,-0.100
-0.967,-0.099
-0.951,-0.098
-0.938,-0.097
-0.926,-0.096
-0.914,-0.096
-0.900,-0.095
-0.881,-0.094
-0.859,-0.093
-0.844,-0.092
-0.833,-0.091
-0.823,-0.090
-0.813,-0.089
-0.802,-0.089
-0.792,-0.088
-0.785,-0.088
-0.780,-0.088
-0.773,-0.087
-0.763,-0.086
-0.752,-0.086
-0.741,-0.085
-0.734,-0.085
-0.728,-0.084
-0.716,-0.084
-0.699,-0.082
-0.681,-0.082
-0.661,-0.080
-0.641,-0.079
-0.618,-0.077
-0.594,-0.075
-0.573,-0.073
-0.559,-0.073
-0.546,-0.071
-0.530,-0.071
-0.510,-0.068
-0.495,-0.068
-0.483,-0.066
-0.469,-0.065
-0.455,-0.064
-0.442,-0.063
-0.432,-0.062
-0.421,-0.061
-0.410,-0.060
-0.401,-0.060
-0.397,-0.058
-0.395,-0.059
-0.396,-0.058
-0.396,-0.059
-0.397,-0.058
-0.398,-0.058
-0.398,-0.058
-0.399,-0.059
-0.399,-0.058
-0.398,-0.058
-0.398,-0.058
-0.388,-0.058
-0.366,-0.056
-0.337,-0.054
-0.308,-0.051
-0.282,-0.049
-0.262,-0.046
-0.247,-0.045
-0.233,-0.043
-0.223,-0.042
-0.218,-0.040
-0.216,-0.040
-0.212,-0.040
-0.207,-0.040
-0.199,-0.038
-0.191,-0.038
-0.181,-0.037
-0.167,-0.035
-0.151,-0.033
-0.133,-0.031
-0.113,-0.028
-0.092,-0.026
-0.072,-0.023
-0.053,-0.020
-0.036,-0.017
-0.021,-0.016
-0.007,-0.012
0.004,-0.012
0.014,-0.009
0.025,-0.008
0.035,-0.005
0.045,-0.004
0.054,-0.002
0.062,-6.875E-4
0.069,0.002
0.075,0.002
0.079,0.004
0.082,0.004
0.082,0.005
0.082,0.005
0.081,0.006
0.080,0.005
0.080,0.006
0.079,0.006
0.079,0.006
0.078,0.006
0.078,0.006
0.078,0.006
0.078,0.007
0.078,0.006
0.078,0.007
0.078,0.006
0.079,0.007
0.079,0.006
0.079,0.007
0.078,0.006
0.079,0.007
0.078,0.006
0.079,0.007
0.078,0.006
0.079,0.007
0.079,0.007
0.079,0.007
0.078,0.006
0.079,0.007
0.079,0.006
0.079,0.007
0.079,0.006
0.078,0.007
0.078,0.006
0.079,0.007
0.079,0.007
0.079,0.007
0.078,0.006
0.079,0.007
0.078,0.006
0.079,0.007
0.079,0.006
0.078,0.007
0.079,0.006
0.078,0.007
0.079,0.006
0.079,0.007
0.078,0.006
0.079,0.007
0.078,0.006
0.079,0.007
0.078,0.006
0.079,0.007
0.079,0.006
0.078,0.007
0.079,0.007
0.078,0.007
0.079,0.006
0.079,0.007
0.022,0.005
-0.073,0.002
-0.090,7.017E-4
-0.085,0.001
-0.079,0.001
-0.076,0.002
-0.075,9.861E-4
-0.075,0.002
-0.075,0.001
-0.074,0.002
-0.075,8.469E-4
-0.075,0.002
-0.074,0.001
-0.075,0.002
-0.074,0.001
-0.074,0.002
-0.075,9.812E-4
-0.075,0.002
-0.075,0.001
-0.075,0.002
-0.075,9.946E-4
-0.074,0.002
-0.075,0.001
-0.075,0.002
-0.075,0.001
-0.075,0.002
-0.075,7.542E-4
-0.074,0.002
-0.075,0.001
-0.075,0.002
-0.075,0.001
-0.074,0.002
-0.075,9.641E-4
-0.075,0.002
-0.074,0.001
-0.075,0.002
-0.075,0.001
-0.075,0.002
-0.075,0.001
-0.075,0.002
-0.075,9.543E-4
-0.075,0.001
-0.075,0.001
-0.075,0.002
-0.075,0.001
-0.075,0.002
-0.075,0.001
-0.074,0.002
-0.075,0.001
-0.075,0.002
-0.075,0.001
-0.074,0.002
-0.075,0.001
-0.075,0.002
-0.075,0.001
-0.075,0.002
-0.075,0.001
-0.075,0.002
-0.075,0.001
-0.075,0.002
-0.075,0.001
-0.075,0.002
-0.075,0.001
-0.073,0.002
-0.070,0.001
-0.066,0.002
-0.061,0.002
-0.054,0.002
-0.049,0.002
-0.046,0.003
-0.045,0.002
-0.036,0.003
-0.021,0.003
-0.004,0.004
0.014,0.003
0.035,0.005
0.053,0.005
0.068,0.006
0.087,0.006
0.100,0.009
0.109,0.009
0.117,0.012
0.126,0.013
0.135,0.016
0.143,0.018
0.153,0.020
0.162,0.023
0.172,0.026
0.182,0.029
0.192,0.033
0.200,0.036
0.207,0.040
0.215,0.043
0.223,0.048
0.231,0.052
0.240,0.059
0.246,0.065
0.252,0.074
0.256,0.084
0.259,0.095
0.264,0.108
0.268,0.123
0.273,0.140
0.280,0.161
0.287,0.184
0.297,0.211
0.310,0.241
0.326,0.275
0.347,0.312
0.382,0.353
0.436,0.392
0.506,0.431
0.583,0.463
0.653,0.487
0.697,0.500
0.696,0.504
0.636,0.502
0.575,0.500
0.541,0.498
0.526,0.498
0.522,0.497
0.522,0.498
0.523,0.498
0.523,0.497
0.523,0.497
0.523,0.498
0.523,0.497
0.524,0.498
0.524,0.497
0.524,0.498
0.523,0.497
0.518,0.498
0.506,0.497
0.495,0.496
0.485,0.495
0.470,0.495
0.455,0.494
0.443,0.494
0.433,0.493
0.416,0.493
0.398,0.491
0.380,0.491
0.363,0.489
0.347,0.489
0.336,0.488
0.330,0.487
0.328,0.487
0.333,0.488
0.354,0.488
0.400,0.489
0.447,0.491
0.474,0.492
0.486,0.492
0.489,0.493
0.489,0.493
0.493,0.493
0.504,0.493
0.524,0.494
0.546,0.495
0.563,0.496
0.572,0.496
0.580,0.497
0.591,0.497
0.608,0.498
0.627,0.498
0.640,0.499
0.650,0.499
0.663,0.501
0.677,0.501
0.693,0.503
0.709,0.504
0.721,0.506
0.731,0.508
0.744,0.510
0.761,0.513
0.783,0.517
0.810,0.522
0.842,0.528
0.875,0.533
0.900,0.538
0.914,0.540
0.917,0.541
0.910,0.541
0.903,0.541
0.905,0.541
0.908,0.541
0.916,0.541
0.924,0.542
0.935,0.543
0.950,0.545
0.966,0.547
0.981,0.550
0.998,0.551
1.017,0.554
1.038,0.556
1.060,0.559
1.085,0.562
1.108,0.565
1.127,0.567
1.147,0.569
1.173,0.572
1.196,0.574
1.212,0.576
1.221,0.577
1.227,0.578
1.229,0.579
1.228,0.578
1.227,0.579
1.226,0.578
1.225,0.579
1.224,0.578
1.224,0.579
1.224,0.578
1.225,0.579
1.225,0.578
1.232,0.579
1.251,0.580
1.284,0.583
1.325,0.586
1.359,0.590
1.385,0.592
1.405,0.594
1.422,0.595
1.433,0.596
1.442,0.597
1.452,0.598
1.469,0.599
1.487,0.601
1.502,0.602
1.509,0.603
1.511,0.602
1.516,0.603
1.525,0.603
1.534,0.604
1.541,0.605
1.549,0.605
1.556,0.606
1.564,0.607
1.574,0.607
1.587,0.608
1.600,0.609
1.611,0.610
1.621,0.610
1.631,0.611
1.640,0.612
1.647,0.613
1.651,0.613
1.652,0.613
1.652,0.613
1.651,0.613
1.650,0.613
1.650,0.613
1.650,0.613
1.652,0.613
1.661,0.614
1.676,0.614
1.690,0.615
1.704,0.616
1.714,0.616
1.720,0.617
1.722,0.618
1.722,0.618
1.728,0.618
1.743,0.619
1.758,0.620
1.769,0.620
1.778,0.621
1.788,0.621
1.800,0.622
1.814,0.623
1.835,0.624
1.856,0.626
1.873,0.627
1.882,0.627
1.891,0.628
1.903,0.629
1.928,0.630
1.958,0.631
1.983,0.633
1.999,0.634
2.012,0.635
2.026,0.635
2.038,0.636
2.049,0.637
2.055,0.637
2.057,0.637
2.058,0.637
2.059,0.638
2.062,0.638
2.068,0.638
2.079,0.638
2.088,0.639
2.100,0.639
2.116,0.640
2.142,0.642
2.175,0.643
2.202,0.644
2.224,0.646
2.241,0.646
2.251,0.647
2.264,0.647
2.284,0.648
2.305,0.649
2.322,0.650
2.340,0.651
2.360,0.652
2.375,0.653
2.393,0.653
2.415,0.655
2.436,0.655
2.457,0.656
2.477,0.657
2.497,0.659
2.510,0.659
2.516,0.659
2.518,0.659
2.518,0.659
2.518,0.659
2.517,0.659
2.517,0.659
2.517,0.659
2.517,0.659
2.517,0.659
2.517,0.659
2.517,0.659
2.520,0.660
2.533,0.660
2.558,0.660
2.587,0.662
2.612,0.663
2.635,0.664
2.661,0.665
2.684,0.666
2.702,0.667
2.717,0.667
2.732,0.668
2.754,0.668
2.785,0.669
2.827,0.671
2.858,0.672
2.872,0.673
2.882,0.673
2.896,0.673
2.919,0.674
2.942,0.675
2.957,0.676
2.971,0.676
2.985,0.677
2.994,0.677
3.000,0.677
3.012,0.677
3.031,0.678
3.044,0.679
3.050,0.679
3.057,0.679
3.065,0.680
3.073,0.680
3.083,0.680
3.095,0.680
3.105,0.681
3.118,0.681
3.131,0.682
3.144,0.682
3.157,0.682
3.170,0.683
3.183,0.683
3.195,0.684
3.208,0.684
3.223,0.684
3.238,0.685
3.254,0.686
3.267,0.685
3.285,0.686
3.296,0.686
3.296,0.687
3.291,0.686
3.289,0.687
3.287,0.687
3.287,0.687
3.286,0.687
3.287,0.687
3.296,0.687
3.322,0.688
3.365,0.688
3.404,0.690
3.435,0.691
3.464,0.692
3.491,0.692
3.513,0.693
3.530,0.693
3.547,0.694
3.589,0.695
3.670,0.697
3.737,0.698
3.768,0.699
3.780,0.699
3.784,0.700
3.785,0.700
3.786,0.700
3.786,0.700
3.792,0.700
3.799,0.700
3.809,0.700
3.823,0.700
3.834,0.701
3.844,0.701
3.857,0.702
3.874,0.702
3.893,0.703
3.909,0.702
3.926,0.703
3.950,0.703
3.977,0.704
3.992,0.705
4.006,0.705
4.023,0.705
4.033,0.705
4.037,0.705
4.039,0.706
4.039,0.706
4.039,0.706
4.039,0.706
4.039,0.706
4.039,0.706
4.039,0.706
4.040,0.705
4.052,0.706
4.075,0.706
4.099,0.707
4.121,0.707
4.145,0.708
4.164,0.708
4.179,0.709
4.194,0.709
4.212,0.709
4.225,0.709
4.231,0.710
4.233,0.709
4.240,0.710
4.246,0.710
4.250,0.710
4.252,0.710
4.252,0.710
4.253,0.710
4.253,0.710
4.253,0.710
4.254,0.710
4.277,0.710
4.330,0.712
4.369,0.712
4.385,0.712
4.393,0.712
4.398,0.713
4.410,0.713
4.421,0.713
4.428,0.713
4.431,0.714
4.432,0.713
4.432,0.714
4.432,0.713
4.433,0.714
4.433,0.714
4.433,0.714
4.435,0.713
4.457,0.714
4.492,0.714
4.518,0.715
4.532,0.715
4.548,0.716
4.565,0.716
4.581,0.717
4.588,0.716
4.599,0.717
4.621,0.717
4.644,0.718
4.657,0.718
4.663,0.718
4.665,0.718
4.673,0.718
4.686,0.718
4.704,0.719
4.721,0.719
4.731,0.719
4.736,0.719
4.744,0.719
4.758,0.719
4.774,0.720
4.784,0.720
4.792,0.720
4.804,0.720
4.817,0.721
4.826,0.720
4.842,0.721
4.857,0.721
4.871,0.721
4.885,0.721
4.900,0.722
4.911,0.722
4.915,0.722
4.917,0.722
4.921,0.723
4.933,0.722
4.945,0.723
4.956,0.722
4.966,0.723
4.975,0.723
4.984,0.724
4.989,0.723
5.003,0.724
5.015,0.723
5.022,0.724
5.025,0.723
5.027,0.724
5.033,0.724
5.039,0.724
5.042,0.724
5.053,0.724
5.114,0.725
5.203,0.727
5.255,0.727
5.278,0.728
5.287,0.727
5.290,0.728
5.290,0.727
5.291,0.728
5.291,0.727
5.291,0.728
5.290,0.728
5.290,0.728
5.290,0.728
5.290,0.728
5.290,0.727
5.290,0.728
5.289,0.728
5.288,0.728
5.286,0.727
5.285,0.728
5.275,0.727
5.259,0.728
5.242,0.727
5.234,0.727
5.224,0.727
5.208,0.727
5.198,0.726
5.194,0.727
5.192,0.727
5.191,0.727
5.182,0.727
5.165,0.727
5.150,0.726
5.143,0.727
5.138,0.726
5.133,0.726
5.125,0.726
5.117,0.726
5.089,0.726
5.056,0.726
5.032,0.725
5.021,0.725
5.013,0.725
5.003,0.725
4.998,0.725
4.993,0.725
4.984,0.725
4.976,0.725
4.966,0.725
4.957,0.725
4.940,0.724
4.917,0.725
4.893,0.724
4.869,0.724
4.849,0.724
4.834,0.724
4.824,0.723
4.814,0.724
4.793,0.723
4.776,0.723
4.761,0.722
4.751,0.723
4.737,0.722
4.720,0.723
4.703,0.722
4.695,0.722
4.684,0.722
4.674,0.722
4.663,0.722
4.653,0.722
4.634,0.721
4.605,0.722
4.575,0.720
4.559,0.721
4.550,0.720
4.537,0.721
4.523,0.720
4.514,0.721
4.497,0.720
4.475,0.720
4.455,0.719
4.437,0.720
4.412,0.719
4.389,0.719
4.376,0.719
4.367,0.719
4.350,0.718
4.333,0.718
4.317,0.718
4.300,0.718
4.280,0.717
4.262,0.718
4.237,0.717
4.213,0.717
4.192,0.717
4.167,0.717
4.128,0.715
4.088,0.716
4.063,0.715
4.044,0.715
4.033,0.714
4.028,0.715
4.026,0.714
4.025,0.715
4.024,0.714
4.025,0.715
4.024,0.715
4.024,0.715
4.018,0.714
3.985,0.714
3.923,0.713
3.863,0.713
3.822,0.712
3.786,0.712
3.748,0.711
3.717,0.711
3.699,0.710
3.690,0.711
3.678,0.710
3.662,0.710
3.631,0.709
3.597,0.709
3.569,0.708
3.530,0.708
3.482,0.707
3.447,0.707
3.422,0.706
3.388,0.706
3.345,0.705
3.297,0.705
3.249,0.703
3.222,0.703
3.210,0.702
3.205,0.703
3.201,0.702
3.191,0.703
3.175,0.702
3.160,0.702
3.149,0.701
3.139,0.702
3.128,0.701
3.119,0.701
3.108,0.700
3.096,0.701
3.082,0.700
3.064,0.700
3.050,0.699
3.043,0.700
3.026,0.699
3.002,0.699
2.977,0.699
2.954,0.698
2.919,0.697
2.874,0.697
2.833,0.695
2.789,0.695
2.734,0.693
2.669,0.693
2.601,0.690
2.548,0.690
2.513,0.688
2.486,0.688
2.463,0.687
2.439,0.687
2.405,0.685
2.365,0.685
2.328,0.683
2.287,0.683
2.251,0.681
2.232,0.682
2.224,0.680
2.221,0.681
2.220,0.680
2.220,0.681
2.219,0.680
2.220,0.681
2.219,0.680
2.219,0.681
2.219,0.680
2.219,0.680
2.219,0.680
2.219,0.681
2.219,0.680
2.218,0.680
2.218,0.680
2.219,0.681
2.208,0.680
2.159,0.679
2.077,0.676
1.991,0.674
1.916,0.671
1.850,0.670
1.792,0.667
1.745,0.666
1.698,0.663
1.641,0.662
1.560,0.658
1.472,0.656
1.396,0.651
1.331,0.649
1.279,0.646
1.240,0.645
1.199,0.642
1.147,0.640
1.085,0.636
1.027,0.634
0.983,0.630
0.956,0.629
0.945,0.628
0.943,0.629
0.944,0.628
0.946,0.628
0.946,0.628
0.947,0.628
0.947,0.628
0.947,0.628
0.947,0.628
0.947,0.628
0.947,0.628
0.947,0.628
0.946,0.628
0.946,0.628
0.946,0.628
0.947,0.629
0.946,0.628
0.946,0.628
0.944,0.628
0.938,0.628
0.932,0.627
0.921,0.627
0.905,0.626
0.889,0.626
0.870,0.624
0.842,0.623
0.813,0.621
0.787,0.620
0.763,0.617
0.741,0.616
0.721,0.615
0.703,0.614
0.684,0.612
0.661,0.611
0.636,0.609
0.601,0.607
0.551,0.603
0.505,0.600
0.474,0.597
0.452,0.595
0.438,0.593
0.430,0.593
0.419,0.591
0.410,0.591
0.402,0.590
0.394,0.590
0.384,0.588
0.375,0.588
0.365,0.587
0.350,0.586
0.334,0.584
0.321,0.583
0.311,0.581
0.300,0.581
0.289,0.579
0.277,0.579
0.263,0.577
0.248,0.576
0.234,0.573
0.220,0.573
0.206,0.570
0.191,0.569
0.175,0.567
0.158,0.565
0.139,0.562
0.122,0.561
0.106,0.558
0.091,0.556
0.077,0.554
0.067,0.553
0.058,0.551
0.047,0.550
0.032,0.547
0.013,0.545
-0.007,0.541
-0.026,0.538
-0.043,0.535
-0.057,0.533
-0.068,0.529
-0.076,0.528
-0.081,0.526
-0.082,0.526
-0.081,0.524
-0.079,0.525
-0.077,0.524
-0.076,0.525
-0.075,0.524
-0.074,0.525
-0.074,0.524
-0.074,0.524
-0.074,0.524
-0.074,0.525
-0.074,0.524
-0.074,0.525
-0.074,0.524
-0.074,0.525
-0.074,0.524
-0.074,0.525
-0.074,0.524
-0.074,0.524
-0.074,0.524
-0.074,0.524
-0.074,0.524
-0.074,0.525
-0.074,0.524
-0.074,0.525
-0.074,0.524
-0.074,0.524
-0.074,0.524
-0.074,0.524
-0.074,0.524
-0.074,0.524
-0.074,0.524
-0.074,0.524
-0.074,0.524
-0.074,0.524
-0.074,0.524
-0.074,0.524
-0.074,0.524
-0.074,0.524
-0.074,0.524
-0.074,0.524
-0.075,0.524
-0.075,0.524
-0.075,0.524
-0.075,0.524
-0.074,0.524
-0.074,0.524
-0.074,0.524
-0.074,0.524
-0.074,0.524
-0.074,0.524
-0.075,0.524
-0.074,0.524
-0.074,0.524
-0.074,0.525
-0.074,0.524
-0.074,0.524
-0.075,0.524
-0.074,0.524
-0.075,0.524
-0.074,0.524
-0.075,0.524
-0.075,0.524
-0.075,0.524
-0.075,0.524
-0.074,0.524
-0.074,0.524
-0.075,0.524
-0.074,0.524
-0.075,0.524
-0.074,0.524
-0.075,0.524
-0.074,0.524
-0.075,0.524
-0.074,0.524
-0.075,0.524
-0.074,0.524
-0.074,0.524
-0.075,0.524
-0.075,0.524
-0.075,0.524
-0.075,0.524
-0.074,0.524
-0.074,0.524
-0.074,0.524
-0.075,0.524
-0.075,0.524
-0.075,0.524
-0.075,0.524
-0.075,0.524
-0.075,0.524
-0.075,0.524
-0.075,0.524
-0.075,0.524
-0.075,0.524
-0.075,0.524
-0.075,0.524
-0.075,0.524
-0.075,0.524
-0.075,0.524
-0.074,0.524
-0.075,0.524
-0.075,0.524
-0.074,0.524
-0.075,0.524
-0.075,0.524
-0.075,0.524
-0.075,0.524
-0.075,0.524
-0.075,0.524
-0.075,0.524
-0.075,0.524
-0.075,0.524
-0.075,0.524
-0.075,0.524
